<keymap version="1" name="Default copy" parent="$default">
  <action id="ActivateProjectToolWindow">
    <keyboard-shortcut first-keystroke="ctrl 1" />
  </action>
  <action id="ActivateRunToolWindow">
    <keyboard-shortcut first-keystroke="ctrl 2" />
  </action>
  <action id="ChangesView.Diff" />
  <action id="CompareDirs" />
  <action id="CompareTwoFiles" />
  <action id="Console.Execute.Multiline" />
  <action id="CopyElement" />
  <action id="Diff.ShowDiff" />
  <action id="Diff.ShowSettingsPopup" />
  <action id="DirDiffMenu.SynchronizeDiff.All" />
  <action id="DuplicatesForm.SendToLeft" />
  <action id="DuplicatesForm.SendToRight" />
  <action id="EditorDuplicate">
    <keyboard-shortcut first-keystroke="shift ctrl d" />
  </action>
  <action id="EditorSplitLine" />
  <action id="EditorStartNewLine">
    <keyboard-shortcut first-keystroke="shift enter" />
    <keyboard-shortcut first-keystroke="ctrl enter" />
  </action>
  <action id="FileChooser.GotoDesktop">
    <keyboard-shortcut first-keystroke="ctrl alt d" />
  </action>
  <action id="FileChooser.GotoHome" />
  <action id="FileChooser.GotoProject" />
  <action id="GotoBookmark1" />
  <action id="GotoBookmark2" />
  <action id="ReformatCode">
    <keyboard-shortcut first-keystroke="shift ctrl 8" />
  </action>
  <action id="RunClass">
    <keyboard-shortcut first-keystroke="shift ctrl f10" />
    <keyboard-shortcut first-keystroke="f5" />
  </action>
  <action id="SelectNextOccurrence">
    <keyboard-shortcut first-keystroke="ctrl d" />
  </action>
  <action id="SendEOF" />
  <action id="Stop">
    <keyboard-shortcut first-keystroke="ctrl f2" />
    <keyboard-shortcut first-keystroke="ctrl c" />
  </action>
  <action id="ToggleBookmark8" />
  <action id="ViewSource" />
</keymap>