<application>
  <component name="ProjectJdkTable">
    <jdk version="2">
      <name value="Python 2.7" />
      <type value="Python SDK" />
      <version value="Python 2.7.15" />
      <homePath value="C:\Anaconda2\python.exe" />
      <roots>
        <classPath>
          <root type="composite">
            <root url="file://C:/Anaconda2/DLLs" type="simple" />
            <root url="file://C:/Anaconda2/Lib" type="simple" />
            <root url="file://C:/Anaconda2/Lib/lib-tk" type="simple" />
            <root url="file://C:/Anaconda2/Lib/site-packages" type="simple" />
            <root url="file://C:/Anaconda2/Lib/site-packages/win32" type="simple" />
            <root url="file://C:/Anaconda2/Lib/site-packages/win32/lib" type="simple" />
            <root url="file://C:/Anaconda2/Lib/site-packages/pythonwin" type="simple" />
            <root url="file://$USER_HOME$/.PyCharmCE2019.2/system/python_stubs/884504192" type="simple" />
            <root url="file://$APPLICATION_HOME_DIR$/helpers/python-skeletons" type="simple" />
            <root url="file://$APPLICATION_HOME_DIR$/helpers/typeshed/stdlib/2" type="simple" />
            <root url="file://$APPLICATION_HOME_DIR$/helpers/typeshed/stdlib/2and3" type="simple" />
            <root url="file://$APPLICATION_HOME_DIR$/helpers/typeshed/third_party/2" type="simple" />
            <root url="file://$APPLICATION_HOME_DIR$/helpers/typeshed/third_party/2and3" type="simple" />
          </root>
        </classPath>
        <sourcePath>
          <root type="composite" />
        </sourcePath>
      </roots>
      <additional />
    </jdk>
    <jdk version="2">
      <name value="Python 3.6 (PyScripts)" />
      <type value="Python SDK" />
      <version value="Python 3.6.7" />
      <homePath value="C:\Anaconda2\envs\python3\python.exe" />
      <roots>
        <classPath>
          <root type="composite">
            <root url="file://C:/Anaconda2/envs/python3/DLLs" type="simple" />
            <root url="file://C:/Anaconda2/envs/python3/Lib" type="simple" />
            <root url="file://C:/Anaconda2/envs/python3/Lib/site-packages" type="simple" />
            <root url="jar://C:/Anaconda2/envs/python3/Lib/site-packages/mask_rcnn-2.1-py3.6.egg!/" type="simple" />
            <root url="file://C:/Anaconda2/envs/python3/Lib/site-packages/win32" type="simple" />
            <root url="file://C:/Anaconda2/envs/python3/Lib/site-packages/win32/lib" type="simple" />
            <root url="file://C:/Anaconda2/envs/python3/Lib/site-packages/pythonwin" type="simple" />
            <root url="file://$USER_HOME$/.PyCharmCE2019.2/system/python_stubs/1148624705" type="simple" />
            <root url="file://$APPLICATION_HOME_DIR$/helpers/python-skeletons" type="simple" />
            <root url="file://$APPLICATION_HOME_DIR$/helpers/typeshed/stdlib/3" type="simple" />
            <root url="file://$APPLICATION_HOME_DIR$/helpers/typeshed/stdlib/2and3" type="simple" />
            <root url="file://$APPLICATION_HOME_DIR$/helpers/typeshed/third_party/3" type="simple" />
            <root url="file://$APPLICATION_HOME_DIR$/helpers/typeshed/third_party/2and3" type="simple" />
          </root>
        </classPath>
        <sourcePath>
          <root type="composite" />
        </sourcePath>
      </roots>
      <additional ASSOCIATED_PROJECT_PATH="C:/PyScripts" />
    </jdk>
  </component>
</application>